name,selling_price,km_driven,fuel,seller_type,transmission,owner,no_year,Label
Datsun RediGO T Option,250000,46000,Petrol,Individual,Manual,First Owner,6,243869.95903237443
Maruti Alto LX BSIII,140000,125000,Petrol,Individual,Manual,First Owner,16,95192.89372052051
Tata Indigo Grand Petrol,250000,100000,Petrol,Individual,Manual,First Owner,9,228610.0146048133
Maruti 800 AC,60000,70000,Petrol,Individual,Manual,First Owner,16,102633.00711631248
Maruti Alto LX BSIII,140000,125000,Petrol,Individual,Manual,First Owner,16,95192.89372052051
Skoda Superb Ambition 2.0 TDI CR AT,450000,130400,Diesel,Dealer,Automatic,Second Owner,12,1303749.9553092015
Maruti Omni Maruti Omni MPI STD BSIII 5-STR W/ IMMOBILISER,310000,28000,Petrol,Dealer,Manual,First Owner,5,531522.4759199095
Tata Indica DLS,70000,80000,Diesel,Individual,Manual,First Owner,18,87564.37235947838
Mahindra Scorpio 1.99 S6 Plus,570000,60000,Diesel,Individual,Manual,First Owner,6,898054.0984108034
Hyundai EON Magna Plus,300000,31000,Petrol,Individual,Manual,First Owner,5,373353.75423212454
Hyundai Getz GLS,80000,120000,Petrol,Individual,Manual,Third Owner,18,188471.47921906566
Nissan Terrano XL,650000,76000,Petrol,Individual,Manual,Second Owner,9,279456.57289019506
Honda Amaze S i-VTEC,495000,11958,Petrol,Dealer,Manual,First Owner,7,493392.45981449366
Audi A6 2.0 TDI Premium Plus,1470000,34000,Diesel,Dealer,Automatic,Second Owner,9,1367710.4495013983
Datsun RediGO 1.0 S,210000,15000,Petrol,Dealer,Manual,Second Owner,6,233485.3283283016
Volvo V40 D3 R Design,1975000,21000,Diesel,Dealer,Automatic,First Owner,5,1656029.1260828786
Renault KWID RXT,350000,25000,Petrol,Individual,Manual,First Owner,6,316429.12497205817
Hyundai Creta 1.4 CRDi S,780000,60000,Diesel,Individual,Manual,First Owner,7,625490.5599171235
Maruti Ertiga VDI,500000,120000,Diesel,Individual,Manual,Second Owner,9,444657.34574795543
Chevrolet Beat Diesel,165000,60000,Diesel,Individual,Manual,Second Owner,10,224158.16951250948
Hyundai Creta 1.6 CRDi SX,840000,70000,Diesel,Individual,Manual,Second Owner,7,626565.4928412456
Chevrolet Tavera Neo 2 LS B4 7 Str BSIII,400000,120000,Diesel,Individual,Manual,Third Owner,11,424881.33485398936
Tata Indica Vista Aqua TDI BSIII,120000,70000,Diesel,Individual,Manual,First Owner,12,158336.61133402638
Maruti Alto K10 LXI CNG,282000,40000,CNG,Individual,Manual,First Owner,3,568735.5846013165
Hyundai i20 Magna 1.2,600000,25000,Petrol,Individual,Manual,First Owner,7,570189.8437206055
Maruti Alto K10 VXI,380000,22155,Petrol,Individual,Manual,First Owner,5,391120.82729147514
Mahindra Bolero Power Plus SLX,800000,15000,Diesel,Individual,Manual,First Owner,4,737486.5076453197
Chevrolet Beat Diesel LT,150000,60000,Diesel,Individual,Manual,First Owner,11,197297.26347226475
Maruti Alto LX,52000,120000,Petrol,Individual,Manual,Third Owner,17,24224.258799053874
Toyota Innova 2.5 V Diesel 7-seater,1075000,160000,Diesel,Individual,Manual,Second Owner,12,650084.2878061135
Tata Indica Vista TDI LS,120000,120000,Diesel,Individual,Manual,Second Owner,12,157645.6540957329
Maruti 800 AC,65000,100000,Petrol,Individual,Manual,Second Owner,21,-22005.45257491048
Honda Jazz S,300000,50000,Petrol,Individual,Manual,First Owner,14,295109.3765289159
Maruti Ertiga SHVS ZDI Plus,1000000,60000,Diesel,Individual,Manual,Second Owner,6,903231.5332349432
Tata Sumo SE Plus BSIII,100000,120000,Diesel,Individual,Manual,First Owner,21,224888.42946338537
Maruti Alto 800 VXI,282000,20000,Petrol,Individual,Manual,First Owner,6,224814.04077982056
Hyundai i20 Asta,270000,110000,Petrol,Individual,Manual,Second Owner,13,245026.1976255598
Tata Tiago 1.2 Revotron XZ,360000,4000,Petrol,Individual,Manual,First Owner,5,467620.7103922196
Mahindra Marazzo M8 8Str,1300000,10000,Diesel,Individual,Manual,First Owner,5,1259395.2549789748
BMW 3 Series 320d Sport,2000000,167223,Diesel,Dealer,Automatic,First Owner,10,1343685.7034967737
Ford Figo Aspire 1.5 TDCi Titanium,700000,88635,Diesel,Dealer,Manual,First Owner,6,669682.7729425698
Renault Duster 110PS Diesel RxZ,350000,110000,Diesel,Individual,Manual,Second Owner,11,447220.48644241935
Mahindra Bolero SLX,229999,200000,Diesel,Individual,Manual,Third Owner,17,125667.17273626523
Maruti Eeco 5 STR With AC Plus HTR CNG,229999,75000,CNG,Dealer,Manual,First Owner,11,181008.82245534507
Ford Figo Diesel Celebration Edition,150000,80000,Diesel,Individual,Manual,Second Owner,10,252129.41467282193
Hyundai EON Era Plus,200000,46000,Petrol,Individual,Manual,First Owner,11,129432.60337562827
Maruti Alto 800 VXI,300000,30000,Petrol,Individual,Manual,First Owner,7,167253.5005813799
Honda Brio 1.2 VX MT,475000,20000,Petrol,Individual,Manual,First Owner,5,482068.2156540968
Hyundai Santro Era,350000,30000,Petrol,Individual,Manual,First Owner,4,555945.4259057381
Tata Indica Vista Terra 1.4 TDI,150000,164000,Diesel,Individual,Manual,Second Owner,14,65019.516750147566
Renault KWID 1.0 RXT Optional,390000,30000,Petrol,Individual,Manual,First Owner,6,281050.8508257193
Maruti Ertiga SHVS VDI,550000,78000,Diesel,Individual,Manual,Third Owner,7,735888.0939172774
Maruti Omni MPI STD BSIV,250000,20000,Petrol,Individual,Manual,First Owner,5,253094.69545491642
Maruti Swift 1.3 VXi,110000,80000,Petrol,Individual,Manual,First Owner,18,122170.76379872672
Volkswagen Vento Diesel Highline,300000,65000,Diesel,Individual,Manual,Second Owner,12,345964.83832845435
Maruti Ertiga BSIV ZXI,500000,80000,Petrol,Individual,Manual,First Owner,8,323908.7711365043
Ford Figo Diesel Titanium,425000,81632,Diesel,Dealer,Manual,First Owner,11,239559.10254217393
Mahindra XUV500 W8 2WD,900000,85036,Diesel,Dealer,Manual,Second Owner,10,703572.5572088435
Ford Ikon 1.3L Rocam Flair,180000,91086,Petrol,Dealer,Manual,Second Owner,17,84406.94051998146
Honda Amaze EX i-Dtech,325000,65000,Diesel,Dealer,Manual,First Owner,10,342309.84810483514
Hyundai Creta 1.6 CRDi SX Plus,850000,84000,Diesel,Dealer,Manual,First Owner,8,1042018.9895771978
Maruti Swift Dzire VDI,425000,61083,Diesel,Dealer,Manual,First Owner,10,421124.19787772873
Hyundai Verna 1.6 VTVT SX,760000,55340,Petrol,Trustmark Dealer,Manual,First Owner,8,756729.3777126564
Maruti S-Cross Zeta DDiS 200 SH,750000,45974,Diesel,Trustmark Dealer,Manual,First Owner,8,771798.3895601765
Renault Duster 85PS Diesel RxL,450000,1000,Diesel,Dealer,Manual,Second Owner,10,508670.2420786394
Maruti Swift Dzire VDI,600000,46507,Diesel,Trustmark Dealer,Manual,First Owner,6,668060.520892658
Audi A4 3.0 TDI Quattro,1580000,86000,Diesel,Dealer,Automatic,First Owner,10,1576130.7204624503
Toyota Fortuner 4x2 AT,2600000,47162,Diesel,Trustmark Dealer,Automatic,First Owner,6,2546425.6410242016
Hyundai Santro GS,80000,56580,Petrol,Dealer,Manual,First Owner,18,89873.76430567328
Skoda Laura Ambiente 2.0 TDI CR MT,385000,52000,Diesel,Dealer,Manual,First Owner,11,392139.7292607349
Toyota Fortuner 4x2 AT,2600000,47162,Diesel,Trustmark Dealer,Automatic,First Owner,6,2546425.6410242016
Maruti Swift 1.3 VXi,80000,66508,Petrol,Individual,Manual,Second Owner,17,142751.44838671596
Tata Hexa XT 4X4,1600000,3000,Diesel,Individual,Manual,First Owner,6,741893.9776580974
Toyota Innova 2.5 V Diesel 8-seater,400000,138000,Diesel,Individual,Manual,Third Owner,14,503478.4341487165
Hyundai Grand i10 Nios Magna CRDi,700000,1400,Diesel,Individual,Manual,First Owner,3,893202.1271706871
Maruti Alto LX,114999,60000,Petrol,Individual,Manual,Third Owner,12,179364.02969244134
Hyundai i20 1.2 Sportz,250000,120000,Petrol,Individual,Manual,First Owner,12,244935.39515669557
Hyundai Creta 1.6 CRDi AT SX Plus,1199000,30093,Diesel,Dealer,Automatic,First Owner,7,992682.3520196318
Hyundai Verna 1.6 SX VTVT,425000,59319,Petrol,Dealer,Manual,First Owner,10,291620.16330849245
Tata Indigo LS,55000,195000,Diesel,Individual,Manual,Third Owner,16,11623.28880405819
Maruti Alto LXi,110000,90000,Petrol,Individual,Manual,Second Owner,15,93080.87792494736
Mahindra XUV500 W8 4WD,900000,63654,Diesel,Dealer,Manual,First Owner,10,716332.4586831082
Hyundai i20 2015-2017 Magna 1.2,525000,70378,Petrol,Dealer,Manual,First Owner,8,353941.1088162472
Mahindra Bolero 2011-2019 SLX 2WD BSIII,550000,78413,Diesel,Dealer,Manual,Second Owner,10,509940.38354149077
Toyota Innova Crysta 2.8 ZX AT BSIV,1700000,75000,Diesel,Individual,Automatic,First Owner,6,1527947.126455088
Honda Amaze EX i-Dtech,409999,56541,Diesel,Dealer,Manual,First Owner,9,384477.4466153983
Honda City i DTec SV,600000,27483,Diesel,Dealer,Manual,First Owner,9,606121.5679204442
Mahindra Verito Vibe 1.5 dCi D4,250000,60000,Diesel,Individual,Manual,First Owner,10,512298.94535270904
Hyundai Verna 1.6 VTVT AT S Option,770000,10000,Petrol,Individual,Automatic,First Owner,7,812549.6840115441
Maruti Ciaz 1.4 AT Zeta,500000,40000,Petrol,Individual,Automatic,First Owner,6,638845.3813167452
Maruti Wagon R LXI,260000,28481,Petrol,Dealer,Manual,First Owner,12,268947.0624495311
Maruti Wagon R AMT VXI,300000,28942,Petrol,Dealer,Automatic,First Owner,9,322843.8028559634
Toyota Innova 2.5 G4 Diesel 8-seater,250000,80000,Diesel,Individual,Manual,Second Owner,16,333762.5951671619
Maruti Alto 800 VXI,150000,50000,Petrol,Individual,Manual,First Owner,6,187778.29416377377
Maruti Celerio ZXI Optional AMT BSIV,370000,82000,Petrol,Individual,Automatic,First Owner,6,1278818.373437037
Hyundai EON Magna Plus,125000,205000,Petrol,Individual,Manual,First Owner,10,60293.14714146957
Tata Indigo CR4,170000,60000,Diesel,Individual,Manual,First Owner,10,219944.46979648818
Toyota Etios Cross 1.2L G,320000,60000,Petrol,Individual,Manual,First Owner,8,338871.65761284775
Hyundai Santro LP zipPlus,52000,50000,Petrol,Individual,Manual,Third Owner,22,37938.08967894362
Maruti Baleno Alpha 1.3,610000,100000,Diesel,Individual,Manual,First Owner,7,644910.8924020067
Volkswagen Jetta 2.0L TDI Highline AT,735000,55300,Diesel,Dealer,Automatic,First Owner,11,762244.224222816
Maruti Eeco 5 Seater AC BSIV,425000,8352,Petrol,Dealer,Manual,First Owner,6,317033.95258785714
Hyundai Grand i10 Asta Option,490000,31080,Petrol,Dealer,Manual,First Owner,8,441282.26727132336
Maruti Swift Dzire VDI,500000,50000,Diesel,Individual,Manual,First Owner,5,613866.6265481133
Hyundai Santro Xing GLS,250000,50000,Petrol,Individual,Manual,Second Owner,9,311152.272404343
Hyundai i20 Asta 1.4 CRDi,300000,90000,Diesel,Individual,Manual,First Owner,10,386181.59939352295
Tata Indigo LX,140000,60000,Diesel,Individual,Manual,Second Owner,12,240234.67229697865
Maruti Ciaz 1.4 Delta,650000,70000,Petrol,Individual,Manual,First Owner,5,636128.8786380417
BMW 3 Series GT Luxury Line,3050000,30000,Diesel,Individual,Automatic,First Owner,6,1574405.0560451818
Mahindra Verito 1.5 D4 BSIV,300000,90000,Diesel,Individual,Manual,First Owner,8,356790.1398033573
Honda Amaze VX Diesel BSIV,790000,49000,Diesel,Dealer,Manual,First Owner,5,766887.8136147913
Mahindra KUV 100 mFALCON G80 K2,425000,25000,Petrol,Individual,Manual,First Owner,7,421796.92991950375
Renault Pulse RxZ,490000,22000,Diesel,Dealer,Manual,First Owner,6,613590.2015014825
Chevrolet Cruze LTZ AT,950000,73000,Diesel,Dealer,Automatic,First Owner,6,728334.1000412388
Honda City i-VTEC SV,690000,17000,Petrol,Dealer,Manual,First Owner,9,376563.43162327143
Ford EcoSport 1.5 TDCi Titanium BSIV,950000,27620,Diesel,Dealer,Manual,First Owner,5,882129.2200330759
Honda Jazz 1.5 VX i DTEC,450000,38000,Diesel,Individual,Manual,First Owner,8,577634.5856010391
Maruti Swift VDI,390000,90000,Diesel,Individual,Manual,First Owner,10,372126.5904532318
Maruti Alto 800 LXI,204999,25000,Petrol,Individual,Manual,Second Owner,9,189530.52009002652
Mahindra KUV 100 mFALCON D75 K6,430000,20000,Diesel,Individual,Manual,First Owner,7,672586.4399987264
Toyota Innova 2.5 VX (Diesel) 8 Seater,1500000,46412,Diesel,Individual,Manual,First Owner,8,1141515.509634152
Maruti Baleno Delta Automatic,550000,25000,Petrol,Individual,Automatic,First Owner,5,597190.0151280002
Chevrolet Aveo 1.4 LS,170000,81324,Petrol,Dealer,Manual,First Owner,15,148761.6923236255
Honda City E,380000,123084,Petrol,Dealer,Manual,First Owner,10,248485.53497232255
Tata Indica Vista Aqua 1.3 Quadrajet,110000,110000,Diesel,Individual,Manual,Second Owner,13,137530.38671079878
Hyundai Verna XXi (Petrol),150000,84000,Petrol,Individual,Manual,Second Owner,16,86969.95230574498
Volkswagen Polo Diesel Comfortline 1.2L,350000,110000,Diesel,Individual,Manual,Second Owner,13,185269.9830239899
Toyota Innova Crysta 2.4 VX MT BSIV,1300000,70000,Diesel,Individual,Manual,First Owner,6,1373525.2892809578
Maruti Wagon R LX Minor,240000,70000,Petrol,Individual,Manual,Fourth & Above Owner,10,246467.31369026427
Hyundai i20 Asta Option 1.4 CRDi,580000,57000,Diesel,Individual,Manual,First Owner,7,599365.8781538153
Honda Civic 1.8 (E) MT,300000,80000,Petrol,Individual,Manual,Second Owner,17,69414.54474128876
Toyota Corolla Altis Diesel D4DGL,550000,120000,Diesel,Individual,Manual,First Owner,12,412830.89239178627
Tata Indica Vista Aura 1.2 Safire,100000,120000,Petrol,Individual,Manual,Second Owner,13,121732.06422612599
Honda CR-V Diesel 4WD,1800000,26000,Diesel,Individual,Automatic,First Owner,5,1626616.6490985493
Maruti Ertiga BSIV VXI AT,800000,30600,Petrol,Individual,Automatic,First Owner,6,1329690.9141102298
Audi A4 35 TDI Premium,2300000,35000,Diesel,Individual,Automatic,Third Owner,8,1467020.5164842708
Maruti Baleno Alpha 1.3,675000,60000,Diesel,Individual,Manual,First Owner,7,674653.5830738756
Hyundai Grand i10 Nios Sportz,600000,5000,Petrol,Individual,Manual,First Owner,3,643632.3986386647
Mahindra XUV500 W8 4WD,600000,80000,Diesel,Individual,Manual,Second Owner,11,640268.2376956113
Honda City i-VTEC CVT VX,750000,45000,Petrol,Dealer,Automatic,First Owner,7,1290826.9657068367
Skoda Laura Ambiente 1.9 PD,175000,181000,Diesel,Individual,Manual,Fourth & Above Owner,16,282400.43387977616
Hyundai i20 1.4 CRDi Sportz,450000,120000,Diesel,Individual,Manual,Second Owner,11,305160.3354892455
Mahindra XUV500 W11 Option AWD,1400000,25000,Diesel,Dealer,Manual,First Owner,3,1359644.7699570907
Chevrolet Aveo U-VA 1.2 LS,210000,80000,Petrol,Individual,Manual,Second Owner,14,122584.64291245345
Mahindra Scorpio VLX 2WD AIRBAG BSIV,550000,120000,Diesel,Individual,Manual,Second Owner,11,543482.3780499788
Honda City i VTEC V,500000,20000,Petrol,Individual,Manual,First Owner,7,748317.5487647234
Toyota Innova 2.5 GX (Diesel) 7 Seater BS IV,495000,120000,Diesel,Individual,Manual,Second Owner,12,403231.1271830651
Maruti Swift Dzire AMT ZXI,550000,60000,Petrol,Individual,Automatic,First Owner,4,1393407.0565454594
Mahindra TUV 300 T8 AMT,730000,60000,Diesel,Individual,Automatic,Second Owner,7,1487015.1604719567
Skoda Fabia 1.2 MPI Ambition Plus,300000,50000,Petrol,Individual,Manual,First Owner,11,296794.15256034344
Mahindra KUV 100 mFALCON D75 K6,430000,20000,Diesel,Individual,Manual,First Owner,7,672586.4399987264
Renault Fluence 1.5,300000,90000,Diesel,Individual,Manual,First Owner,11,353004.85978127096
Maruti Swift Dzire 1.2 Vxi BSIV,368000,90000,Petrol,Individual,Manual,Second Owner,11,314013.7661269291
Maruti Swift Dzire 1.2 Vxi BSIV,368000,90000,Petrol,Individual,Manual,Second Owner,11,314013.7661269291
Hyundai Grand i10 1.2 Kappa Sportz Option,525000,15000,Petrol,Individual,Manual,First Owner,6,516184.5019779803
Maruti SX4 VDI,260000,90000,Diesel,Individual,Manual,Third Owner,12,301374.7414437459
Maruti Alto LXi,70000,90000,Petrol,Individual,Manual,Second Owner,15,93080.87792494736
Mahindra Thar 4X4,580000,25000,Diesel,Individual,Manual,Third Owner,10,536706.1100185184
Maruti Swift Dzire VDI,680000,20000,Diesel,Individual,Manual,First Owner,5,650902.3731641602
Mahindra Quanto C6,300000,60000,Diesel,Individual,Manual,First Owner,10,305003.8452835154
Mahindra XUV500 W6 2WD,900000,47000,Diesel,Individual,Manual,First Owner,7,817605.3165980082
Hyundai Grand i10 1.2 CRDi Sportz Option,575000,27005,Diesel,Dealer,Manual,First Owner,6,560785.9045413597
Mahindra KUV 100 D75 K4 Plus 5Str,470000,31367,Diesel,Dealer,Manual,First Owner,7,487681.35181883303
Hyundai Santro Xing GLS,195000,27005,Petrol,Dealer,Manual,First Owner,14,228275.773258709
Hyundai i10 Magna 1.2,225000,60000,Petrol,Individual,Manual,Second Owner,13,273146.5859680536
Honda Accord VTi-L (MT),200000,80000,Petrol,Individual,Manual,Second Owner,16,89820.82537937348
Hyundai Accent GLX,120000,110000,Petrol,Individual,Manual,Second Owner,17,57488.551946882566
Mahindra XUV500 W10 2WD,1250000,35000,Diesel,Individual,Manual,First Owner,7,1287229.3617308137
Mahindra Thar 4X4,615000,45766,Diesel,Individual,Manual,Second Owner,10,517378.3282654012
Mahindra Scorpio S4 4WD,700000,70000,Diesel,Individual,Manual,Second Owner,9,528144.0891736159
Maruti Ertiga VDI,600000,120000,Diesel,Individual,Manual,Third Owner,11,373481.62256586354
Tata Manza Aura (ABS) Quadrajet BS IV,180000,155836,Diesel,Individual,Manual,Second Owner,11,253495.95565128914
Hyundai Creta 1.4 CRDi Base,950000,70000,Diesel,Individual,Manual,Second Owner,5,966994.0250228117
Mahindra XUV500 W8 4WD,700000,120000,Diesel,Individual,Manual,Third Owner,11,609665.3087992251
Mahindra Scorpio S10 7 Seater,630000,50000,Diesel,Individual,Manual,First Owner,8,744692.8116275624
Maruti Alto K10 2010-2014 VXI,260000,40000,Petrol,Individual,Manual,First Owner,11,247149.32023443957
Tata Safari Storme VX Varicor 400,869999,80000,Diesel,Individual,Manual,First Owner,7,899097.4617628185
Tata Safari Storme VX Varicor 400,869999,80000,Diesel,Individual,Manual,First Owner,7,899097.4617628185
Maruti Swift Dzire AMT VDI,725000,22000,Diesel,Individual,Automatic,First Owner,4,821903.5462262293
Tata Indigo LX,130000,90000,Diesel,Individual,Manual,Second Owner,11,244670.67889889807
Ford Figo Diesel LXI,180000,70000,Diesel,Individual,Manual,Second Owner,12,213569.43231233867
Tata Safari Storme EX,430000,80000,Diesel,Individual,Manual,Third Owner,10,461483.6058503228
Ford Figo Petrol ZXI,185000,50000,Petrol,Individual,Manual,Third Owner,12,89456.96771027538
Maruti Ignis 1.2 Delta BSIV,500000,15000,Petrol,Individual,Manual,First Owner,4,507046.91232741554
Chevrolet Spark 1.0 LS,175000,45000,Petrol,Individual,Manual,Second Owner,13,136958.17665035854
Ford Figo Aspire 1.5 TDCi Titanium,400000,70000,Diesel,Individual,Manual,First Owner,7,616674.3517960068
Chevrolet Beat LT,135000,80000,Petrol,Individual,Manual,Second Owner,13,99237.54122593127
Maruti Alto K10 VXI,300000,35000,Petrol,Individual,Manual,First Owner,5,374353.2154894235
Maruti Alto 800 CNG LXI Optional,300000,120000,CNG,Individual,Manual,First Owner,4,454346.52993125655
Chevrolet Aveo 1.6 LT with ABS,140000,120000,Petrol,Individual,Manual,Second Owner,13,133540.28115542064
Hyundai EON 1.0 Era Plus,229999,65000,Petrol,Dealer,Manual,First Owner,9,193445.59454466891
Mahindra Scorpio VLX 2.2 mHawk Airbag BSIV,780000,58000,Diesel,Dealer,Manual,Second Owner,9,561491.3122360151
Renault KWID RXL,375000,10000,Petrol,Individual,Manual,First Owner,4,359212.8793349656
Tata New Safari Dicor EX 4X2 BS IV,280000,110000,Diesel,Individual,Manual,Fourth & Above Owner,11,436320.1184006218
Honda Brio S MT,285000,39039,Petrol,Dealer,Manual,First Owner,11,249597.7796163729
Honda Brio Exclusive Edition,335000,33033,Petrol,Dealer,Manual,First Owner,9,355033.21078874625
Mahindra Quanto C8,365000,82082,Diesel,Dealer,Manual,First Owner,10,308436.71059022355
Hyundai Verna SX CRDi AT,465000,70070,Diesel,Dealer,Automatic,First Owner,11,1378494.590371313
Maruti Wagon R LXI CNG,350000,30000,CNG,Individual,Manual,Second Owner,7,423187.4897052058
Hyundai Grand i10 AT Asta,465000,63063,Petrol,Dealer,Automatic,First Owner,8,454389.9204636401
Maruti Omni MPI STD BSIV,250000,90000,Petrol,Individual,Manual,First Owner,11,-52413.419107065434
Maruti A-Star Vxi,180000,40000,Petrol,Individual,Manual,First Owner,13,197706.27379718435
Renault KWID 1.0 RXT Optional,300000,10500,Petrol,Individual,Manual,First Owner,5,355164.2606577105
Hyundai i20 1.2 Sportz,220000,58000,Petrol,Dealer,Manual,Second Owner,12,300769.88414790825
Tata Zest Revotron 1.2T XE,450000,45000,Petrol,Individual,Manual,First Owner,5,436775.1967365749
Tata Indigo CS eLX BS IV,175000,50300,Diesel,Individual,Manual,First Owner,10,522039.7556765011
Maruti Ertiga 1.5 VDI,550000,90000,Diesel,Individual,Manual,First Owner,3,794953.8432562377
Hyundai i20 Sportz 1.4 CRDi,315000,110000,Diesel,Individual,Manual,Second Owner,9,480153.46231623454
Renault Pulse RxL,390000,61585,Diesel,Trustmark Dealer,Manual,First Owner,8,692274.9248235913
OpelCorsa 1.6Gls,142000,73000,Petrol,Individual,Manual,Fourth & Above Owner,19,36293.57684773297
Chevrolet Aveo U-VA 1.2 LT WO ABS Airbag,110000,38500,Petrol,Individual,Manual,Second Owner,14,173495.1490566655
Hyundai i10 Magna,229999,49824,Petrol,Dealer,Manual,First Owner,11,246127.84526467876
Hyundai Santro GS,80000,56580,Petrol,Dealer,Manual,First Owner,18,89873.76430567328
Renault Duster 85PS Diesel RxL,450000,1000,Diesel,Dealer,Manual,Second Owner,10,508670.2420786394
Maruti Ertiga VXI,625000,11918,Petrol,Trustmark Dealer,Manual,First Owner,8,645022.6326411364
Chevrolet Beat LT Option,239000,41000,Petrol,Dealer,Manual,First Owner,7,250215.80546443496
Hyundai Santro GS,80000,56580,Petrol,Dealer,Manual,First Owner,18,89873.76430567328
Renault KWID 1.0 RXT Optional,400000,60000,Petrol,Individual,Manual,First Owner,6,247388.1157018863
Honda City i DTec SV,450000,40000,Diesel,Dealer,Manual,First Owner,9,590477.8760550225
Audi A4 30 TFSI Technology,3100000,22000,Petrol,Individual,Automatic,First Owner,5,1400092.158618887
Maruti Alto 800 VXI,245000,60000,Petrol,Individual,Manual,First Owner,7,133590.76545754686
Maruti Wagon R LX BS IV,350000,40000,Petrol,Dealer,Manual,First Owner,9,354402.8502438979
Mercedes-Benz B Class B180 Sports,1100000,40000,Petrol,Individual,Automatic,Second Owner,10,1151182.7978599754
Skoda Fabia 1.2L Diesel Ambiente,260000,150000,Diesel,Individual,Manual,First Owner,13,153323.4957533828
Hyundai Grand i10 Asta Option,595000,27000,Petrol,Dealer,Manual,First Owner,6,531815.1052663445
Maruti Alto K10 LXI,175000,64000,Petrol,Dealer,Manual,First Owner,13,75274.05919042071
Tata Nexon 1.2 Revotron XM,570000,11200,Petrol,Individual,Manual,First Owner,5,463139.8937046992
Maruti Alto 800 LXI,305000,35000,Petrol,Dealer,Manual,First Owner,5,378866.3121920879
Maruti Ertiga SHVS VDI,700000,55000,Diesel,Dealer,Manual,First Owner,8,753194.3039853778
Maruti Swift 1.3 VXi,250000,62000,Petrol,Dealer,Manual,Second Owner,14,233836.5205928269
Maruti Swift ZDi,350000,55000,Diesel,Dealer,Manual,First Owner,11,438317.9230442387
Maruti Omni E MPI STD BS IV,240000,5800,Petrol,Individual,Manual,Second Owner,7,256156.62059288868
Maruti Swift ZXI Plus,600000,30000,Petrol,Individual,Manual,First Owner,5,554758.3008521348
Maruti Swift VXI BSIII,160000,95149,Petrol,Dealer,Manual,Second Owner,17,81810.81705361839
Nissan Terrano XV Premium 110 PS,750000,80000,Diesel,Individual,Manual,First Owner,10,730708.0640492628
Hyundai i20 Active 1.4 SX,650000,100000,Diesel,Individual,Manual,First Owner,7,595747.8692452546
Toyota Etios Liva 1.2 V,500000,10000,Petrol,Individual,Manual,First Owner,5,534199.3576978478
Toyota Innova 2.5 GX 7 STR BSIV,1000000,80000,Diesel,Individual,Manual,Second Owner,11,455484.2637503754
Hyundai Elite i20 Asta Option BSIV,800000,11240,Petrol,Individual,Manual,First Owner,4,783593.8764482981
Renault KWID RXL BSIV,325000,18500,Petrol,Dealer,Manual,First Owner,6,497493.5821950772
Maruti Alto K10 VXI AGS,281000,4432,Petrol,Dealer,Automatic,Second Owner,8,1306637.7508005453
Hyundai i20 Active S Petrol,560000,68523,Petrol,Dealer,Manual,First Owner,7,514228.0061536899
Hyundai i20 1.2 Era,250000,34500,Petrol,Individual,Manual,Second Owner,13,202408.14099492994
Renault Duster 85PS Diesel RxL,450000,1000,Diesel,Dealer,Manual,Second Owner,10,508670.2420786394
Mahindra XUV500 W6 2WD,900000,47000,Diesel,Individual,Manual,First Owner,7,817605.3165980082
Hyundai EON Era Plus,320000,24662,Petrol,Dealer,Manual,First Owner,7,322198.82464125636
Honda Civic 1.8 V AT,210000,63500,Petrol,Dealer,Automatic,First Owner,14,272742.58507393487
Maruti Ritz LDi,250000,80000,Diesel,Individual,Manual,First Owner,12,246391.6021947341
Ford Figo Diesel EXI,250000,156040,Diesel,Dealer,Manual,First Owner,11,248488.91543541895
Honda City 1.5 E MT,400000,50000,Petrol,Individual,Manual,First Owner,13,194103.4190883492
Hyundai i20 Active 1.4 SX with AVN,699000,30000,Diesel,Individual,Manual,Second Owner,8,608455.0311173078
Maruti Ritz LDi,290000,140000,Diesel,Individual,Manual,Second Owner,10,261231.20006733257
Hyundai Getz GLS,250000,70000,Petrol,Individual,Manual,First Owner,18,236399.4854809594
Tata Indica Vista Aqua 1.3 Quadrajet,85000,120000,Diesel,Individual,Manual,Second Owner,14,108122.43684134731
Mahindra KUV 100 mFALCON G80 K2,450000,30000,Petrol,Individual,Manual,First Owner,6,459338.9204938391
Tata New Safari DICOR 2.2 VX 4x4,450000,42655,Diesel,Individual,Manual,First Owner,11,499830.5826664005
Hyundai Xcent 1.2 VTVT E Plus,511000,70000,Petrol,Individual,Manual,First Owner,5,463824.394823831
Audi Q5 2.0 TFSI Quattro,1100000,110000,Petrol,Individual,Automatic,First Owner,13,1019638.8551606224
Toyota Innova 2.5 GX 7 STR,800000,180000,Diesel,Individual,Manual,First Owner,11,414278.2036174304
Maruti Alto LXi,135000,78000,Petrol,Individual,Manual,First Owner,12,183469.47749711096
Audi A4 3.0 TDI Quattro,1580000,86000,Diesel,Dealer,Automatic,First Owner,10,1576130.7204624503
BMW X5 xDrive 30d xLine,4950000,30000,Diesel,Dealer,Automatic,First Owner,4,4915283.312438842
Skoda Laura Ambiente 2.0 TDI CR MT,385000,52000,Diesel,Dealer,Manual,First Owner,11,392139.7292607349
Hyundai Verna 1.6 VTVT SX,760000,55340,Petrol,Trustmark Dealer,Manual,First Owner,8,756729.3777126564
Hyundai Accent CRDi,100000,120000,Diesel,Individual,Manual,Second Owner,18,128740.20133764728
Maruti Esteem Lxi - BSIII,90000,90000,Petrol,Individual,Manual,First Owner,17,32106.011521805514
Hyundai Xcent 1.1 CRDi Base,515000,50000,Diesel,Individual,Manual,First Owner,7,448193.52227080206
Maruti Zen LX,62000,70000,Petrol,Individual,Manual,First Owner,22,102421.4199296342
Hyundai Verna CRDi SX,280000,120000,Diesel,Individual,Manual,Second Owner,13,228570.8148115474
Mahindra Scorpio S4 4WD,600000,60000,Diesel,Individual,Manual,First Owner,8,584392.061202196
Maruti Ertiga VDI,500000,100000,Diesel,Individual,Manual,Second Owner,9,455817.8943347378
Hyundai Sonata AT Leather,225000,80000,Petrol,Individual,Automatic,Third Owner,17,934297.7005892051
Mahindra Scorpio 2.6 CRDe SLE,300000,70000,Diesel,Individual,Manual,Second Owner,10,459134.0575063681
Volkswagen Polo Petrol Comfortline 1.2L,375000,62000,Petrol,Individual,Manual,Second Owner,11,381410.3497230805
Toyota Innova 2.5 G4 Diesel 7-seater,350000,140000,Diesel,Individual,Manual,Second Owner,15,613444.5380381404
Hyundai Santro Xing XG,140000,80000,Petrol,Individual,Manual,Third Owner,18,83069.61531569995
Ford Figo 1.5D Titanium MT,515000,25000,Diesel,Individual,Manual,First Owner,7,556776.6976477838
Chevrolet Spark 1.0 LT Option Pack w/ Airbag,165000,53000,Petrol,Dealer,Manual,First Owner,10,297889.00941837044
Maruti Zen Estilo LXI BSIII,105000,40000,Petrol,Individual,Manual,First Owner,15,198215.82022457191
Maruti Alto LXi,150000,50000,Petrol,Individual,Manual,First Owner,11,236489.7718861971
Maruti Alto 800 VXI,220000,60000,Petrol,Individual,Manual,Second Owner,7,123991.0002488257
Maruti S-Cross Alpha DDiS 200 SH,1000000,30000,Diesel,Individual,Manual,First Owner,6,846274.2333570435
Mahindra TUV 300 T6 Plus,400000,120000,Diesel,Individual,Manual,First Owner,6,663099.6173729032
Maruti Swift DDiS LDI,550000,54000,Diesel,Dealer,Manual,First Owner,7,559238.1334694107
Mahindra Scorpio VLS 2.2 mHawk,300000,270000,Diesel,Individual,Manual,Third Owner,15,316901.3637297314
Tata Bolt Revotron XE,300000,90000,Petrol,Individual,Manual,Second Owner,7,348493.6139359713
Maruti Celerio VXI,300000,35000,Petrol,Individual,Manual,First Owner,8,323962.2344100824
Hyundai Santro Xing XG,80000,58000,Petrol,Individual,Manual,First Owner,19,98631.57336724605
Hyundai EON Magna Plus,220000,43700,Petrol,Individual,Manual,First Owner,7,266892.6714100884
Honda Amaze VX i-DTEC,700000,35000,Diesel,Individual,Manual,First Owner,7,615921.1832455493
Maruti Omni E MPI STD BS IV,210000,50000,Petrol,Individual,Manual,Fourth & Above Owner,6,242235.87090025563
Tata New Safari DICOR 2.2 EX 4x2,204999,120000,Diesel,Individual,Manual,Second Owner,14,237615.22498228692
Maruti Alto K10 LXI,220000,70000,Petrol,Individual,Manual,Second Owner,12,63667.63482717244
Ford Endeavour Titanium Plus 4X4,2675000,60000,Diesel,Dealer,Automatic,First Owner,6,1563359.1127326959
Maruti Alto K10 VXI Airbag,290000,60000,Petrol,Individual,Manual,First Owner,6,272620.564197224
Maruti Swift Dzire VDI,360000,90010,Diesel,Dealer,Manual,Second Owner,10,389078.09133917606
Maruti Ritz VXI,250000,80000,Petrol,Individual,Manual,Second Owner,12,190618.43119206646
Maruti Baleno Zeta 1.3,600000,72000,Diesel,Individual,Manual,First Owner,7,615052.5102417715
Maruti S-Cross Delta DDiS 200 SH,950000,10000,Diesel,Individual,Manual,First Owner,4,827783.2153225935
Hyundai Verna CRDi SX,229999,146000,Diesel,Individual,Manual,Third Owner,15,163196.5084290763
Chevrolet Cruze LTZ,345000,65500,Diesel,Individual,Manual,First Owner,12,480528.4611518778
Maruti Wagon R VXI,290000,80000,Petrol,Dealer,Manual,First Owner,11,296597.8617248858
Ford Figo Petrol Titanium,300000,50000,Petrol,Individual,Manual,Second Owner,8,392559.92052801984
Tata Indica Vista Aqua TDI BSIII,80000,90000,Diesel,Individual,Manual,First Owner,15,71295.2417547328
Toyota Innova 2.5 G (Diesel) 8 Seater BS IV,310000,120000,Diesel,Individual,Manual,Second Owner,18,399195.0780436868
Tata Bolt Quadrajet XE,250000,120000,Diesel,Individual,Manual,First Owner,7,277602.14057782036
Maruti 800 AC BSIII,100000,30000,Petrol,Individual,Manual,First Owner,18,80799.43623627748
Chevrolet Cruze LTZ AT,650000,50000,Diesel,Individual,Automatic,First Owner,8,641785.0790956944
Chevrolet Beat Diesel LS,130000,93900,Diesel,Individual,Manual,Second Owner,10,169037.3410048344
Maruti Celerio VXI,399000,20194,Petrol,Dealer,Manual,First Owner,7,407157.8219597488
Hyundai EON Era Plus,210000,70000,Petrol,Individual,Manual,Third Owner,9,155291.50579207158
Maruti Ertiga VDI,600000,60000,Diesel,Individual,Manual,Second Owner,8,523392.583705349
Tata Nano Twist XT,82000,19000,Petrol,Individual,Manual,First Owner,8,141092.0513039717
Maruti Alto 800 LXI,190000,90000,Petrol,Individual,Manual,Second Owner,9,125826.96931521519
Mahindra Verito 1.5 D2 BSIII,250000,30000,Diesel,Individual,Manual,First Owner,9,380577.36693536997
Mahindra Bolero DI,300000,90000,Diesel,Individual,Manual,Second Owner,18,175201.88261521183
Hyundai i20 Asta Option 1.4 CRDi,550000,60000,Diesel,Individual,Manual,First Owner,7,596475.9293632223
Hyundai Grand i10 CRDi Magna,320000,73000,Diesel,Individual,Manual,First Owner,10,310123.29278593254
Renault KWID RXT,360000,26500,Petrol,Individual,Manual,First Owner,5,361390.141498088
Maruti Ertiga VDI,700000,110000,Diesel,Individual,Manual,Second Owner,11,385097.2755144277
Maruti Vitara Brezza VDi Option,700000,50000,Diesel,Individual,Manual,Second Owner,6,673725.0426776302
Maruti Eeco 7 Seater Standard BSIV,270000,20000,Petrol,Individual,Manual,First Owner,5,378310.4918434473
Tata Safari Storme VX Varicor 400,1085000,15000,Diesel,Individual,Manual,First Owner,5,1060931.7621770094
Hyundai Xcent 1.2 CRDi E,350000,80000,Diesel,Individual,Manual,First Owner,6,435514.2166064293
Tata Indigo GLS,130000,120000,Petrol,Individual,Manual,First Owner,15,96486.95588823035
Hyundai Verna 1.6 SX CRDi (O),525000,71000,Diesel,Dealer,Manual,First Owner,10,503987.5476737928
Maruti Eeco Smiles 5 Seater AC,330000,72500,Petrol,Dealer,Manual,First Owner,7,397085.6543237611
Hyundai i20 Magna Optional 1.4 CRDi,350000,80000,Diesel,Individual,Manual,First Owner,11,371832.5661935994
Maruti Wagon R VXI BS IV,425000,15000,Petrol,Individual,Manual,First Owner,5,489762.53206262796
Hyundai EON LPG Magna Plus,170000,170000,LPG,Individual,Manual,Third Owner,11,109833.42055820026
Maruti Zen Estilo VXI BSIV,130000,50000,Petrol,Individual,Manual,Second Owner,13,196226.7988275448
Toyota Innova Crysta 2.4 VX MT 8S BSIV,1900000,20000,Diesel,Individual,Manual,First Owner,4,1863091.5789433199
Maruti Ritz VDi,330000,63000,Diesel,Individual,Manual,First Owner,10,301409.9386271975
Hyundai Grand i10 1.2 Kappa Magna BSIV,545000,5000,Petrol,Individual,Manual,First Owner,3,635255.2973653858
Hyundai i20 1.4 CRDi Magna,250000,70000,Diesel,Individual,Manual,First Owner,11,416130.14944489073
Mahindra XUV500 W6 2WD,1290000,5000,Diesel,Individual,Manual,First Owner,7,873458.8446507461
Maruti Zen Estilo VXI BSIII,80000,120000,Petrol,Individual,Manual,First Owner,15,96486.95588823035
Hyundai i10 Era,265000,50000,Petrol,Individual,Manual,First Owner,10,314347.3279627009
Nissan Terrano XL 110 PS,500000,120000,Diesel,Individual,Manual,Third Owner,9,586712.401410796
Tata Nexon 1.5 Revotorq XM,800000,25000,Diesel,Individual,Manual,First Owner,4,806472.600359862
Ford Fiesta 1.4 ZXi Duratec,150000,110000,Petrol,Individual,Manual,First Owner,13,148514.48939706798
Maruti Esteem AX,79000,70000,Petrol,Individual,Automatic,First Owner,26,804617.6318477627
Ford Ecosport 1.5 DV5 MT Titanium,525000,75000,Diesel,Individual,Manual,Second Owner,9,562616.2075716897
Honda Civic 1.8 V AT,280000,60000,Petrol,Individual,Automatic,First Owner,16,209306.9000249942
Maruti Wagon R LXI Minor,110000,100000,Petrol,Individual,Manual,Second Owner,15,108028.65433432473
Tata Nano Lx BSIII,65000,60000,Petrol,Individual,Manual,Second Owner,12,200192.59665392817
Maruti Wagon R LXI BS IV,225000,65000,Petrol,Dealer,Manual,First Owner,12,245941.49976461421
Ford Figo Diesel Titanium,300000,63700,Diesel,Individual,Manual,First Owner,11,231253.1863039023
Renault Duster 85PS Diesel RxE,500000,40000,Diesel,Individual,Manual,First Owner,7,571457.8136737861
Maruti Gypsy King Hard Top Ambulance BSIV,300000,70000,Petrol,Individual,Manual,Second Owner,18,57622.529965044814
Ford Figo Diesel Celebration Edition,300000,50000,Diesel,Individual,Manual,First Owner,10,288330.8336250025
Maruti 800 AC,80000,50000,Petrol,Individual,Manual,Second Owner,15,133337.66777514791
Maruti Alto K10 2010-2014 VXI,240000,50000,Petrol,Individual,Manual,First Owner,9,300842.945226228
Tata Indica Vista Terra 1.4 TDI,90000,80000,Diesel,Individual,Manual,First Owner,12,168910.19972279685
Toyota Innova 2.5 G (Diesel) 7 Seater BS IV,400000,400000,Diesel,Individual,Manual,Third Owner,17,195217.6377613523
Ford Figo Diesel EXI,250000,55130,Diesel,Dealer,Manual,Second Owner,12,273488.00477553083
Hyundai i10 Sportz,220000,25000,Petrol,Individual,Manual,First Owner,12,256141.97482298425
Toyota Fortuner 3.0 Diesel,1100000,110000,Diesel,Individual,Manual,Second Owner,14,1251169.7060480048
Mahindra TUV 300 T6 Plus,540000,110000,Diesel,Individual,Manual,First Owner,8,583248.166450231
Maruti Alto LXi,95000,85000,Petrol,Individual,Manual,Second Owner,16,75021.62905682132
Maruti 800 AC,55000,70000,Petrol,Individual,Manual,Second Owner,17,72626.9612695066
Ford Figo Diesel Titanium,150000,120000,Diesel,Individual,Manual,Second Owner,12,156267.31874174933
Ford Figo Diesel ZXI,240000,90000,Diesel,Individual,Manual,First Owner,9,355467.60852734424
Ford Fiesta Classic 1.6 Duratec CLXI,350000,38000,Petrol,Individual,Manual,First Owner,11,261369.18301245605
Honda City 1.5 V MT,300000,64000,Petrol,Individual,Manual,Second Owner,12,401838.89668561425
Mahindra Bolero DI,300000,110000,Diesel,Individual,Manual,First Owner,12,306482.12115061714
Toyota Fortuner 3.0 Diesel,1250000,205000,Diesel,Individual,Manual,Second Owner,13,1234332.4332128929
Toyota Innova 2.5 G1 BSIV,950000,80000,Diesel,Individual,Manual,First Owner,11,912337.3665495646
Toyota Innova 2.5 GX 8 STR BSIV,449000,90000,Diesel,Individual,Manual,First Owner,11,450686.1020581947
Ford Fiesta 1.5 TDCi Titanium,199000,92000,Diesel,Dealer,Manual,Third Owner,11,463643.0308915417
Chevrolet Spark 1.0 LS,70000,60000,Petrol,Individual,Manual,Third Owner,14,91146.44189559517
Tata Winger Deluxe - Hi Roof (AC),300000,180000,Diesel,Individual,Manual,Third Owner,12,370545.81090650905
Renault Lodgy 85PS RxL,495000,60000,Diesel,Individual,Manual,First Owner,8,648941.0387920198
Tata Indigo CR4,220000,100000,Diesel,Individual,Manual,First Owner,10,190201.77912461915
Toyota Fortuner 2.8 4WD AT BSIV,3100000,5000,Diesel,Individual,Automatic,First Owner,4,2801899.8225297695
Honda City i-DTEC SV,650000,49654,Diesel,Dealer,Manual,First Owner,9,527517.0885000268
Hyundai Grand i10 Asta,550000,45457,Petrol,Dealer,Manual,First Owner,7,482993.3158040775
Hyundai Creta 1.6 CRDi SX,1260000,39221,Diesel,Dealer,Manual,First Owner,6,733950.0899924347
Maruti Swift Dzire VDI,650000,35000,Diesel,Individual,Manual,First Owner,4,680793.6455623942
Maruti Swift ZXI Plus,600000,30000,Petrol,Individual,Manual,First Owner,5,554758.3008521348
Mahindra Bolero Power Plus Plus AC BSIV PS,430000,200000,Diesel,Individual,Manual,First Owner,8,406555.6044628743
Hyundai Creta 1.6 VTVT S,900000,14700,Petrol,Individual,Manual,First Owner,6,936792.7327082222
Hyundai i20 Magna 1.4 CRDi (Diesel),310000,92686,Diesel,Dealer,Manual,Second Owner,11,312296.59851954126
Maruti Alto LX BSIII,85000,120000,Petrol,Individual,Manual,Second Owner,15,109575.46662254492
Maruti Alto LXi,150000,40000,Petrol,Individual,Manual,Second Owner,12,210239.47736557922
Maruti Gypsy King HT BSIV,409999,49359,Petrol,Individual,Manual,Third Owner,22,11905.281594036845
Maruti Wagon R LXI Minor,200000,90000,Petrol,Individual,Manual,Second Owner,15,114315.93402155099
Honda BR-V i-DTEC VX MT,950000,24000,Diesel,Dealer,Manual,First Owner,6,1172385.94261479
Honda Jazz 1.5 V i DTEC,700000,15000,Diesel,Dealer,Manual,First Owner,5,793400.131864758
Renault Duster 85PS Diesel RxE,550000,58231,Diesel,Dealer,Manual,First Owner,9,495533.67895950656
Maruti Swift Vdi BSIII,265000,120000,Diesel,Individual,Manual,Second Owner,14,218964.9097187473
Tata Manza Aqua Quadrajet BS IV,165000,80000,Diesel,Individual,Manual,First Owner,13,411443.5351326782
Toyota Innova 2.5 VX (Diesel) 8 Seater,1030000,250000,Diesel,Individual,Manual,Second Owner,9,989290.596256041
Maruti Alto 800 LXI,300000,17000,Petrol,Individual,Manual,First Owner,5,380232.80283412035
Hyundai EON Magna Plus,360000,6000,Petrol,Individual,Manual,First Owner,5,408600.1557939249
Maruti Wagon R VXI BS IV,240000,50000,Petrol,Individual,Manual,Second Owner,13,147424.61567663343
Toyota Innova 2.5 VX 8 STR,800000,108731,Diesel,Individual,Manual,First Owner,11,748128.181073729
Ford Ecosport 1.5 DV5 MT Titanium,580000,120000,Diesel,Individual,Manual,First Owner,9,544107.9279880205
Hyundai Xcent 1.2 CRDi E,350000,80000,Diesel,Individual,Manual,First Owner,6,435514.2166064293
Volkswagen Vento 1.5 TDI Highline Plus AT BSIV,1100000,35000,Diesel,Individual,Automatic,First Owner,4,1664693.8909761272
Maruti Alto K10 VXI,320000,38900,Petrol,Individual,Manual,Third Owner,5,353774.0926297363
Tata Indica Vista Quadrajet LS,120000,140000,Diesel,Individual,Manual,First Owner,11,234856.7597641392
Tata Nexon 1.2 Revotron XZ Plus Dual Tone,750000,15000,Petrol,Individual,Manual,First Owner,6,741639.7462074291
Ford EcoSport 1.5 Diesel Titanium Plus BSIV,930000,12000,Diesel,Individual,Manual,First Owner,6,845831.9162226978
Maruti Ertiga SHVS ZDI,825000,58000,Diesel,Dealer,Manual,First Owner,7,759711.9745077563
Chevrolet Sail 1.2 Base,170000,100000,Petrol,Individual,Manual,Second Owner,9,186774.06929648865
Ford Figo Diesel Titanium,200000,125000,Diesel,Individual,Manual,Second Owner,9,246538.99576490372
Mahindra Scorpio 2.6 Turbo 7 Str,325000,120000,Diesel,Individual,Manual,Second Owner,15,330828.9604672976
Hyundai Creta 1.6 CRDi SX,535000,52600,Diesel,Individual,Manual,First Owner,7,652309.648064367
Mahindra Verito Vibe 1.5 dCi D6,280000,40000,Diesel,Individual,Manual,First Owner,8,605693.0829424176
Honda Brio S MT,295000,57353,Petrol,Trustmark Dealer,Manual,First Owner,10,335120.069751407
Honda City i DTEC SV,575000,63240,Diesel,Trustmark Dealer,Manual,First Owner,8,832470.2452754786
Tata New Safari DICOR 2.2 GX 4x2 BS IV,320000,80000,Diesel,Individual,Manual,First Owner,11,340497.70239863935
Honda Amaze V CVT Petrol BSIV,725000,26000,Petrol,Dealer,Automatic,First Owner,5,1405291.671122108
Hyundai EON Magna Plus,245000,32000,Petrol,Dealer,Manual,First Owner,8,262505.8536005365
Hyundai Xcent 1.2 CRDi SX,399000,55000,Diesel,Dealer,Manual,First Owner,8,611887.0515238969
Tata Indica LSI,51111,140000,Petrol,Individual,Manual,Third Owner,18,41608.45487914415
Honda Amaze S i-Dtech,421000,69000,Diesel,Dealer,Manual,First Owner,9,387241.48178006336
Mahindra Scorpio VLX 2WD AIRBAG SE BSIV,565000,72000,Diesel,Dealer,Manual,First Owner,11,560285.8119201087
Mahindra Thar 4X2,500000,35000,Diesel,Individual,Manual,First Owner,9,571887.1225727618
Hyundai i20 1.4 Asta Option,780000,50000,Diesel,Individual,Manual,First Owner,6,765414.3777917598
Mahindra XUV500 W10 AWD,1225000,70000,Diesel,Individual,Manual,First Owner,8,575575.8530810792
Mahindra Verito 1.5 D4 BSIV,350000,120000,Diesel,Individual,Manual,Third Owner,8,323501.33640498953
Hyundai i20 1.4 Sportz,680000,44000,Diesel,Dealer,Manual,First Owner,6,707867.8328404127
Hyundai Santro AT,145000,66000,Petrol,Individual,Automatic,Second Owner,17,951641.423506707
Hyundai Santro GS,80000,56580,Petrol,Dealer,Manual,First Owner,18,89873.76430567328
Hyundai Santro Xing XG,70000,68500,Petrol,Dealer,Manual,First Owner,18,130497.46818883694
Hyundai Santro Sportz AMT,484999,5007,Petrol,Dealer,Automatic,First Owner,4,1485177.9484318509
Nissan Micra Active XV S,164000,30000,Petrol,Individual,Manual,First Owner,10,175947.62433221604
Mercedes-Benz E-Class E250 CDI Elegance,999000,49600,Diesel,Dealer,Automatic,First Owner,12,1369964.383451066
Maruti Alto 800 LXI,200000,35000,Petrol,Individual,Manual,First Owner,5,356249.52038074087
Maruti Swift LDI,400000,70000,Diesel,Individual,Manual,First Owner,11,472809.34111588314
Maruti Alto LX,114999,66782,Petrol,Individual,Manual,Second Owner,15,107088.98329832192
Maruti Alto LX,75000,130000,Petrol,Individual,Manual,First Owner,17,35036.08637410178
